<?xml version="1.0" encoding="UTF-8" standalone="yes"?>
<addon id="repository.magyar.kiegeszitok" version="1.0.0" name="[COLOR lightgreen]Magyar Kodi kiegészítők tárolóhely[/COLOR]" provider-name="provider-name">
	<extension point="xbmc.addon.repository" name="Magyar Kodi kiegészítők tárolóhely">
		<dir minversion="18.9.9">
			<info compressed="false">https://raw.githubusercontent.com/kodihu/plugins/main/addons.xml</info>
			<checksum>https://raw.githubusercontent.com/kodihu/plugins/main/addons.xml.md5</checksum>
			<datadir zip="true">https://raw.githubusercontent.com/kodihu/plugins/main/</datadir>
		</dir>
		<dir>
			<info compressed="false">https://raw.githubusercontent.com/Gujal00/smrzips/master/addons.xml</info>
			<checksum>https://raw.githubusercontent.com/Gujal00/smrzips/master/addons.xml.md5</checksum>
			<datadir zip="true">https://raw.githubusercontent.com/Gujal00/smrzips/master/zips/</datadir>
		</dir>
	</extension>
	<extension point="xbmc.addon.metadata">
		<summary>Magyar Kodi kiegészítők</summary>
		<description>Magyar nyelvű Kodi médiaközpont kiegészítők tárolóhelye (repository).</description>
		<disclaimer>Kiegészítők tartalmáért a fejlesztő nem vállal felelősséget.</disclaimer>
		<platform>all</platform>
		<assets>
			<icon>icon.png</icon>
		</assets>
	</extension>
</addon>